species,kinase,pdb,alt,chain,orthosteric_PDB,allosteric_PDB,rmsd1,rmsd2,qualityscore,pocket,resolution,missing_residues,missing_atoms,full_ifp,fp_i,fp_ii,bp_i_a,bp_i_b,bp_ii_in,bp_ii_a_in,bp_ii_b_in,bp_ii_out,bp_ii_b,bp_iii,bp_iv,bp_v
Human,ABL2,3gvu,B,A,STI,STI,0.896,2.289,9.8,HKLGGGQYGEVYVVAVKTLEFLKEAAVMKEIKPNLVQLLGVYIVTEYMPYGNLLDYLREYLEKKNFIHRDLAARNCLVVADFGLS,2.05,0,2,0000000000000010000000000000000000000000000000000101000000000000000000100000000000000000000000000010000001000000100000000000000000000000000000000000000000000000010001000000000000000010000001000000000000000000001000000000000000000000000000000000010000000000000000000000000000000000000000000000001000000000000010001000000000110000010010000000000000000010000000000000000000000000000000000000000000000000000000000000000000000000000000000000000000000000000000010000001000100100010010000000000000000000000000000000000000000000000000000000100000000000000000000100000010010001010000000000000000000000000,0,0,1,1,0,0,0,1,0,0,1,0
Human,ABL2,3hmi,B,A,DKI,-,0.846,2.155,9.5,HKLGGGQYGEVYVVAVKTLEFLKEAAVMKEIKPNLVQLLGVYIVTEYMPYGNLLDYLREYLEKKNFIHRDLAARNCLVVADFGLS,1.65,0,5,0000000000000010000001000000000000000000000000000110000000000000000000100000000000000000000000000010000000000000000000000000000000000000000000000000000000000000000000000000000000000000000000000000000000000000000000000000000000000000000000000000010000000000000000000000000000000000000000000000000000000000000000000000000100110000010011000000000000000010000000000000000000000000000000000000000000000000000000000000000000000000000000000000000000000000000000000000000000000000000000000000000000000000000000000000000100000010000000000000100000000000000000000100000000000001010000000000000000000000000,1,0,0,0,0,0,0,0,0,0,0,0
Human,ABL2,2xyn,A,A,VX6,-,0.78,2.126,8,HKLGGGQYGEVYVVAVKTLEFLKEAAVMKEIKPNLVQLLGVYIVTEYMPYGNLLDYLREYLEKKNFIHRDLAARNCLVVADFGLS,2.81,0,34,0000000000000010000001000000000000000000000000000110000000000000000000100000000000000000000000000010000000000000100000000000000000000000000000000000000000000000010000000000000000000000000001000000000000000000000000000000000000000000000000000000010000000000000000000000000000000000000000000000001000000000000010000000000000110000010001001000000100000010000000000000000000000000000000000000000000000000000000000000000000000000000000000000000000000000000000000000000000000000000000000000000000000000000000000000000000000000000000000000100000000000000000000000000010001000000000000000000000000000000,0,0,0,1,0,0,0,0,0,0,0,0
Human,ABL2,2xyn,B,B,VX6,VX6,0.781,2.125,8,HKLGGGQYGEVYVVAVKTLEFLKEAAVMKEIKPNLVQLLGVYIVTEYMPYGNLLDYLREYLEKKNFIHRDLAARNCLVVADFGLS,2.81,0,44,0000000000000010000001000000000000000000000000000110000000000000000000100000000000000000000000000010000000000000100000000000000000000000000000000000000000000000000000000000000000000000000001000000000000000000000000000000000000000000000000000000010000000000000000000000000000000000000000000000000000000000000010000000000000110000010001001000000100000010000000000000000000000000000000000000000000000000000000000000000000000000000000000000000000000000000000000000000000000000000000000000000000000000000000000000000000000000000000000000100000000000000000000000000010001000000000000000000000000000000,0,0,0,1,0,0,0,0,0,0,0,0
Human,ABL2,2xyn,A,B,VX6,VX6,0.781,2.125,8,HKLGGGQYGEVYVVAVKTLEFLKEAAVMKEIKPNLVQLLGVYIVTEYMPYGNLLDYLREYLEKKNFIHRDLAARNCLVVADFGLS,2.81,0,44,0000000000000010000001000000000000000000000000000110000000000000000000100000000000000000000000000010000000000000100000000000000000000000000000000000000000000000000000000000000000000000000001000000000000000000000000000000000000000000000000000000010000000000000000000000000000000000000000000000000000000000000010000000000000110000010001001000000100000010000000000000000000000000000000000000000000000000000000000000000000000000000000000000000000000000000000000000000000000000000000000000000000000000000000000000000000000000000000000000100000000000000000000000000010001000000000000000000000000000000,0,0,0,1,0,0,0,0,0,0,0,0
Human,ABL2,2xyn,A,C,VX6,VX6,0.781,2.124,8,HKLGGGQYGEVYVVAVKTLEFLKEAAVMKEIKPNLVQLLGVYIVTEYMPYGNLLDYLREYLEKKNFIHRDLAARNCLVVADFGLS,2.81,0,78,0000000000000010000001000000000000000000000000000110000000000000000000100000000000000000000000000010000000000000100000000000000000000000000000000000000000000000000000000000000000000000000000000000000000000000000000000000000000000000000000000000010000000000000000000000000000000000000000000000001000000000000010000000000000100000010001001000000100000010000000000000000000000000000000000000000000000000000000000000000000000000000000000000000000000000000000000000000000000000000000000000000000000000000000000000000000000000000000000000100000000000000000000000000010001000000000000000000000000000000,0,0,0,1,0,0,0,0,0,0,0,0
Human,ABL2,2xyn,B,A,VX6,-,0.78,2.126,8,HKLGGGQYGEVYVVAVKTLEFLKEAAVMKEIKPNLVQLLGVYIVTEYMPYGNLLDYLREYLEKKNFIHRDLAARNCLVVADFGLS,2.81,0,34,0000000000000010000001000000000000000000000000000110000000000000000000100000000000000000000000000010000000000000100000000000000000000000000000000000000000000000010000000000000000000000000001000000000000000000000000000000000000000000000000000000010000000000000000000000000000000000000000000000001000000000000010000000000000110000010001001000000100000010000000000000000000000000000000000000000000000000000000000000000000000000000000000000000000000000000000000000000000000000000000000000000000000000000000000000000000000000000000000000100000000000000000000000000010001000000000000000000000000000000,0,0,0,1,0,0,0,0,0,0,0,0
Human,ABL2,2xyn,B,C,VX6,VX6,0.781,2.124,8,HKLGGGQYGEVYVVAVKTLEFLKEAAVMKEIKPNLVQLLGVYIVTEYMPYGNLLDYLREYLEKKNFIHRDLAARNCLVVADFGLS,2.81,0,78,0000000000000010000001000000000000000000000000000110000000000000000000100000000000000000000000000010000000000000100000000000000000000000000000000000000000000000000000000000000000000000000000000000000000000000000000000000000000000000000000000000010000000000000000000000000000000000000000000000001000000000000010000000000000100000010001001000000100000010000000000000000000000000000000000000000000000000000000000000000000000000000000000000000000000000000000000000000000000000000000000000000000000000000000000000000000000000000000000000100000000000000000000000000010001000000000000000000000000000000,0,0,0,1,0,0,0,0,0,0,0,0
Human,ABL2,3hmi,A,A,DKI,-,0.846,2.155,9.5,HKLGGGQYGEVYVVAVKTLEFLKEAAVMKEIKPNLVQLLGVYIVTEYMPYGNLLDYLREYLEKKNFIHRDLAARNCLVVADFGLS,1.65,0,5,0000000000000010000001000000000000000000000000000110000000000000000000100000000000000000000000000010000000000000000000000000000000000000000000000000000000000000000000000000000000000000000000000000000000000000000000000000000000000000000000000000010000000000000000000000000000000000000000000000000000000000000000000000000100110000010011000000000000000010000000000000000000000000000000000000000000000000000000000000000000000000000000000000000000000000000000000000000000000000000000000000000000000000000000000000000100000010000000000000100000000000000000000100000000000001010000000000000000000000000,1,0,0,0,0,0,0,0,0,0,0,0
Human,ABL2,3gvu,A,A,STI,STI,0.896,2.289,9.8,HKLGGGQYGEVYVVAVKTLEFLKEAAVMKEIKPNLVQLLGVYIVTEYMPYGNLLDYLREYLEKKNFIHRDLAARNCLVVADFGLS,2.05,0,2,0000000000000010000000000000000000000000000000000101000000000000000000100000000000000000000000000010000001000000100000000000000000000000000000000000000000000000010001000000000000000010000001000000000000000000001000000000000000000000000000000000010000000000000000000000000000000000000000000000001000000000000010001000000000110000010010000000000000000010000000000000000000000000000000000000000000000000000000000000000000000000000000000000000000000000000000010000001000100100010010000000000000000000000000000000000000000000000000000000100000000000000000000100000010010001010000000000000000000000000,0,0,1,1,0,0,0,1,0,0,1,0
